{
    "B cell": 0.7171610169491526,
    "T cell": 0.2254335260115607
}